,UTF-8,字,class_idx
0,E4BA9C,亜,7
1,E59496,唖,29
2,E5A883,娃,22
3,E998BF,阿,6
4,E59380,哀,16
5,E6849B,愛,16
6,E68CA8,挨,9
7,E5A7B6,姶,26
8,E980A2,逢,24
9,E891B5,葵,22
10,E88C9C,茜,2
11,E7A990,穐,1
12,E682AA,悪,5
13,E68FA1,握,17
14,E6B8A5,渥,21
15,E697AD,旭,15
16,E891A6,葦,5
17,E88AA6,芦,2
18,E9AFB5,鯵,12
19,E6A293,梓,18
20,E59CA7,圧,7
21,E696A1,斡,12
22,E689B1,扱,9
23,E5AE9B,宛,8
24,E5A790,姐,13
25,E899BB,虻,26
26,E9A3B4,飴,26
27,E7B5A2,絢,28
28,E7B6BE,綾,3
29,E9AE8E,鮎,28
30,E68896,或,21
31,E7B29F,粟,5
32,E8A2B7,袷,20
33,E5AE89,安,16
34,E5BAB5,庵,24
35,E68C89,按,9
36,E69A97,暗,15
37,E6A188,案,14
38,E99787,闇,6
39,E99E8D,鞍,3
40,E69D8F,杏,4
41,E4BBA5,以,27
42,E4BC8A,伊,1
43,E4BD8D,位,9
44,E4BE9D,依,9
45,E58189,偉,1
46,E59BB2,囲,6
47,E5A4B7,夷,16
48,E5A794,委,16
49,E5A881,威,27
50,E5B089,尉,15
51,E6839F,惟,23
52,E6848F,意,14
53,E685B0,慰,5
54,E69893,易,20
55,E6A485,椅,20
56,E782BA,為,10
57,E7958F,畏,16
58,E795B0,異,16
59,E7A7BB,移,3
60,E7B6AD,維,13
61,E7B7AF,緯,28
62,E88383,胃,25
63,E8908E,萎,22
64,E8A1A3,衣,16
65,E8AC82,謂,15
66,E98195,違,24
67,E981BA,遺,24
68,E58CBB,医,7
69,E4BA95,井,2
70,E4BAA5,亥,16
71,E59F9F,域,1
72,E882B2,育,25
73,E98381,郁,5
74,E7A3AF,磯,13
75,E4B880,一,10
76,E5A3B1,壱,4
77,E6BAA2,溢,23
78,E980B8,逸,24
79,E7A8B2,稲,20
80,E88CA8,茨,2
81,E88A8B,芋,5
82,E9B0AF,鰯,28
83,E58581,允,8
84,E58DB0,印,29
85,E592BD,咽,29
86,E593A1,員,22
87,E59BA0,因,7
88,E5A7BB,姻,13
89,E5BC95,引,19
90,E9A3B2,飲,3
91,E6B7AB,淫,21
92,E883A4,胤,7
93,E894AD,蔭,5
94,E999A2,院,6
95,E999B0,陰,29
96,E99AA0,隠,6
97,E99FBB,韻,29
98,E5908B,吋,2
99,E58FB3,右,4
100,E5AE87,宇,19
101,E7838F,烏,24
102,E7BEBD,羽,15
103,E8BF82,迂,21
104,E99BA8,雨,24
105,E58DAF,卯,8
106,E9B59C,鵜,13
107,E7AABA,窺,29
108,E4B891,丑,16
109,E7A293,碓,1
110,E887BC,臼,18
111,E6B8A6,渦,0
112,E59898,嘘,29
113,E59484,唄,29
114,E6AC9D,欝,15
115,E8949A,蔚,2
116,E9B0BB,鰻,13
117,E5A7A5,姥,1
118,E58EA9,厩,27
119,E6B5A6,浦,0
120,E7939C,瓜,7
121,E9968F,閏,6
122,E59982,噂,5
123,E4BA91,云,7
124,E9818B,運,11
125,E99BB2,雲,7
126,E88D8F,荏,10
127,E9A48C,餌,15
128,E58FA1,叡,3
129,E596B6,営,4
130,E5ACB0,嬰,16
131,E5BDB1,影,4
132,E698A0,映,27
133,E69BB3,曳,16
134,E6A084,栄,19
135,E6B0B8,永,14
136,E6B3B3,泳,24
137,E6B4A9,洩,21
138,E7919B,瑛,7
139,E79B88,盈,7
140,E7A98E,穎,29
141,E9A0B4,頴,29
142,E88BB1,英,22
143,E8A19B,衛,1
144,E8A9A0,詠,12
145,E98BAD,鋭,13
146,E6B6B2,液,21
147,E796AB,疫,9
148,E79B8A,益,2
149,E9A785,駅,26
150,E682A6,悦,23
151,E8AC81,謁,0
152,E8B68A,越,15
153,E996B2,閲,6
154,E6A68E,榎,23
155,E58EAD,厭,29
156,E58686,円,8
157,E59C92,園,7
158,E5A0B0,堰,23
159,E5A584,奄,24
160,E5AEB4,宴,16
161,E5BBB6,延,6
162,E680A8,怨,5
163,E68EA9,掩,17
164,E68FB4,援,9
165,E6B2BF,沿,0
166,E6BC94,演,0
167,E7828E,炎,16
168,E78494,焔,15
169,E78599,煙,1
170,E78795,燕,5
171,E78CBF,猿,9
172,E7B881,縁,3
173,E889B6,艶,26
174,E88B91,苑,2
175,E89697,薗,2
176,E981A0,遠,24
177,E9899B,鉛,28
178,E9B49B,鴛,29
179,E5A1A9,塩,23
180,E696BC,於,3
181,E6B19A,汚,11
182,E794A5,甥,0
183,E587B9,凹,6
184,E5A4AE,央,16
185,E5A5A5,奥,16
186,E5BE80,往,17
187,E5BF9C,応,14
188,E68ABC,押,18
189,E697BA,旺,6
190,E6A8AA,横,23
191,E6ACA7,欧,27
192,E6AEB4,殴,27
193,E78E8B,王,14
194,E7BF81,翁,26
195,E8A596,襖,9
196,E9B4AC,鴬,14
197,E9B48E,鴎,15
198,E9BB84,黄,22
199,E5B2A1,岡,6
200,E6B296,沖,11
201,E88DBB,荻,22
202,E58484,億,1
203,E5B18B,屋,27
204,E686B6,憶,1
205,E88786,臆,12
206,E6A1B6,桶,20
207,E789A1,牡,12
208,E4B999,乙,4
209,E4BFBA,俺,1
210,E58DB8,卸,6
211,E681A9,恩,5
212,E6B8A9,温,0
213,E7A98F,穏,13
214,E99FB3,音,10
215,E4B88B,下,19
216,E58C96,化,10
217,E4BBAE,仮,9
218,E4BD95,何,17
219,E4BCBD,伽,1
220,E4BEA1,価,1
221,E4BDB3,佳,17
222,E58AA0,加,0
223,E58FAF,可,11
224,E59889,嘉,14
225,E5A48F,夏,7
226,E5AB81,嫁,22
227,E5AEB6,家,14
228,E5AFA1,寡,10
229,E7A791,科,3
230,E69A87,暇,27
231,E69E9C,果,19
232,E69EB6,架,5
233,E6AD8C,歌,27
234,E6B2B3,河,21
235,E781AB,火,7
236,E78F82,珂,21
237,E7A68D,禍,20
238,E7A6BE,禾,19
239,E7A8BC,稼,3
240,E7AE87,箇,1
241,E88AB1,花,5
242,E88B9B,苛,2
243,E88C84,茄,5
244,E88DB7,荷,2
245,E88FAF,華,5
246,E88F93,菓,5
247,E89DA6,蝦,13
248,E8AAB2,課,6
249,E598A9,嘩,11
250,E8B2A8,貨,16
251,E8BFA6,迦,24
252,E9818E,過,24
253,E99C9E,霞,2
254,E89A8A,蚊,3
255,E4BF84,俄,9
256,E5B3A8,峨,13
257,E68891,我,16
258,E78999,牙,14
259,E794BB,画,7
260,E887A5,臥,27
261,E88ABD,芽,2
262,E89BBE,蛾,13
263,E8B380,賀,22
264,E99B85,雅,10
265,E9A493,餓,29
266,E9A795,駕,15
267,E4BB8B,介,25
268,E4BC9A,会,16
269,E8A7A3,解,15
270,E59B9E,回,6
271,E5A18A,塊,0
272,E5A38A,壊,23
273,E5BBBB,廻,24
274,E5BFAB,快,17
275,E680AA,怪,9
276,E68294,悔,20
277,E681A2,恢,9
278,E68790,懐,1
279,E68892,戒,6
280,E68B90,拐,20
281,E694B9,改,27
282,E9AD81,魁,26
283,E699A6,晦,24
284,E6A2B0,械,9
285,E6B5B7,海,24
286,E781B0,灰,27
287,E7958C,界,25
288,E79A86,皆,20
289,E7B5B5,絵,28
290,E88AA5,芥,2
291,E89FB9,蟹,2
292,E9968B,開,6
293,E99A8E,階,29
294,E8B29D,貝,16
295,E587B1,凱,29
296,E58ABE,劾,26
297,E5A496,外,25
298,E592B3,咳,27
299,E5AEB3,害,10
300,E5B496,崖,23
301,E685A8,慨,1
302,E6A682,概,23
303,E6B6AF,涯,11
304,E7A28D,碍,25
305,E8938B,蓋,2
306,E8A197,街,20
307,E8A9B2,該,27
308,E98EA7,鎧,13
309,E9AAB8,骸,27
310,E6B5AC,浬,21
311,E9A6A8,馨,5
312,E89B99,蛙,12
313,E59EA3,垣,0
314,E69FBF,柿,18
315,E89B8E,蛎,28
316,E9888E,鈎,28
317,E58A83,劃,15
318,E59A87,嚇,29
319,E59084,各,4
320,E5BB93,廓,14
321,E68BA1,拡,17
322,E692B9,撹,9
323,E6A0BC,格,20
324,E6A0B8,核,9
325,E6AEBB,殻,22
326,E78DB2,獲,9
327,E7A2BA,確,29
328,E7A9AB,穫,9
329,E8A69A,覚,8
330,E8A792,角,24
331,E8B5AB,赫,12
332,E8BC83,較,3
333,E983AD,郭,2
334,E996A3,閣,6
335,E99A94,隔,6
336,E99DA9,革,5
337,E5ADA6,学,19
338,E5B2B3,岳,1
339,E6A5BD,楽,14
340,E9A18D,額,29
341,E9A18E,顎,29
342,E68E9B,掛,23
343,E7ACA0,笠,16
344,E6A8AB,樫,9
345,E6A9BF,橿,23
346,E6A2B6,梶,20
347,E9B08D,鰍,13
348,E6BD9F,潟,0
349,E589B2,割,15
350,E5969D,喝,5
351,E681B0,恰,20
352,E68BAC,括,17
353,E6B4BB,活,21
354,E6B887,渇,0
355,E6BB91,滑,0
356,E8919B,葛,2
357,E8A490,褐,23
358,E8BD84,轄,28
359,E4B894,且,17
360,E9B0B9,鰹,22
361,E58FB6,叶,12
362,E6A49B,椛,20
363,E6A8BA,樺,18
364,E99E84,鞄,28
365,E6A0AA,株,18
366,E5859C,兜,8
367,E7AB83,竃,14
368,E892B2,蒲,2
369,E9879C,釜,2
370,E98E8C,鎌,1
371,E5999B,噛,29
372,E9B4A8,鴨,28
373,E6A0A2,栢,20
374,E88C85,茅,5
375,E890B1,萱,2
376,E7B2A5,粥,1
377,E58888,刈,24
378,E88B85,苅,5
379,E793A6,瓦,11
380,E4B9BE,乾,28
381,E4BE83,侃,17
382,E586A0,冠,6
383,E5AF92,寒,10
384,E5888A,刊,8
385,E58B98,勘,26
386,E58BA7,勧,28
387,E5B7BB,巻,10
388,E5969A,喚,14
389,E5A0AA,堪,23
390,E5A7A6,姦,22
391,E5AE8C,完,8
392,E5AE98,官,10
393,E5AF9B,寛,16
394,E5B9B2,干,19
395,E5B9B9,幹,12
396,E682A3,患,14
397,E6849F,感,5
398,E685A3,慣,1
399,E686BE,憾,1
400,E68F9B,換,9
401,E695A2,敢,3
402,E69F91,柑,20
403,E6A193,桓,23
404,E6A3BA,棺,20
405,E6ACBE,款,3
406,E6AD93,歓,3
407,E6B197,汗,21
408,E6BCA2,漢,11
409,E6BE97,澗,0
410,E6BD85,潅,24
411,E792B0,環,7
412,E79498,甘,18
413,E79BA3,監,2
414,E79C8B,看,2
415,E7ABBF,竿,5
416,E7AEA1,管,5
417,E7B0A1,簡,1
418,E7B7A9,緩,3
419,E7BCB6,缶,19
420,E7BFB0,翰,28
421,E8829D,肝,12
422,E889A6,艦,13
423,E88E9E,莞,8
424,E8A6B3,観,22
425,E8AB8C,諌,6
426,E8B2AB,貫,22
427,E98284,還,24
428,E99191,鑑,13
429,E99693,間,6
430,E99691,閑,6
431,E996A2,関,6
432,E999A5,陥,15
433,E99F93,韓,12
434,E9A4A8,館,26
435,E88898,舘,26
436,E4B8B8,丸,8
437,E590AB,含,4
438,E5B2B8,岸,24
439,E5B78C,巌,29
440,E78EA9,玩,29
441,E7998C,癌,1
442,E79CBC,眼,27
443,E5B2A9,岩,4
444,E7BFAB,翫,27
445,E8B48B,贋,27
446,E99B81,雁,29
447,E9A091,頑,29
448,E9A194,顔,29
449,E9A198,願,29
450,E4BC81,企,14
451,E4BC8E,伎,9
452,E58DB1,危,2
453,E5969C,喜,10
454,E599A8,器,2
455,E59FBA,基,2
456,E5A587,奇,10
457,E5AC89,嬉,13
458,E5AF84,寄,10
459,E5B290,岐,22
460,E5B88C,希,10
461,E5B9BE,幾,1
462,E5BF8C,忌,5
463,E68FAE,揮,18
464,E69CBA,机,23
465,E69797,旗,23
466,E697A2,既,27
467,E69C9F,期,15
468,E6A38B,棋,23
469,E6A384,棄,14
470,E6A99F,機,23
471,E5B8B0,帰,8
472,E6AF85,毅,3
473,E6B097,気,22
474,E6B1BD,汽,11
475,E795BF,畿,1
476,E7A588,祈,23
477,E5ADA3,季,19
478,E7A880,稀,23
479,E7B480,紀,28
480,E5BEBD,徽,10
481,E8A68F,規,0
482,E8A898,記,15
483,E8B2B4,貴,16
484,E8B5B7,起,15
485,E8BB8C,軌,13
486,E8BC9D,輝,22
487,E9A3A2,飢,26
488,E9A88E,騎,26
489,E9ACBC,鬼,8
490,E4BA80,亀,5
491,E581BD,偽,1
492,E58480,儀,1
493,E5A693,妓,22
494,E5AE9C,宜,7
495,E688AF,戯,3
496,E68A80,技,9
497,E693AC,擬,22
498,E6ACBA,欺,27
499,E78AA0,犠,23
500,E79691,疑,22
501,E7A587,祇,13
502,E7BEA9,義,22
503,E89FBB,蟻,13
504,E8AABC,誼,15
505,E8ADB0,議,29
506,E68EAC,掬,1
507,E88F8A,菊,5
508,E99EA0,鞠,28
509,E59089,吉,4
510,E59083,吃,5
511,E596AB,喫,7
512,E6A194,桔,20
513,E6A998,橘,23
514,E8A9B0,詰,26
515,E7A0A7,砧,26
516,E69DB5,杵,18
517,E9BB8D,黍,5
518,E58DB4,却,5
519,E5AEA2,客,4
520,E8849A,脚,12
521,E89990,虐,14
522,E98086,逆,11
523,E4B898,丘,21
524,E4B985,久,22
525,E4BB87,仇,1
526,E4BC91,休,17
527,E58F8A,及,2
528,E590B8,吸,2
529,E5AEAE,宮,4
530,E5BC93,弓,25
531,E680A5,急,5
532,E69591,救,2
533,E69CBD,朽,20
534,E6B182,求,19
535,E6B1B2,汲,21
536,E6B3A3,泣,0
537,E781B8,灸,16
538,E79083,球,15
539,E7A9B6,究,8
540,E7AAAE,窮,15
541,E7AC88,笈,22
542,E7B49A,級,3
543,E7B3BE,糾,13
544,E7B5A6,給,28
545,E697A7,旧,21
546,E7899B,牛,19
547,E58EBB,去,7
548,E5B185,居,15
549,E5B7A8,巨,21
550,E68B92,拒,20
551,E68BA0,拠,20
552,E68C99,挙,19
553,E6B8A0,渠,5
554,E8999A,虚,7
555,E8A8B1,許,22
556,E8B79D,距,29
557,E98BB8,鋸,13
558,E6BC81,漁,24
559,E7A6A6,禦,29
560,E9AD9A,魚,2
561,E4BAA8,亨,19
562,E4BAAB,享,19
563,E4BAAC,京,14
564,E4BE9B,供,1
565,E4BEA0,侠,17
566,E58391,僑,1
567,E58587,兇,8
568,E7ABB6,競,27
569,E585B1,共,22
570,E587B6,凶,6
571,E58D94,協,1
572,E58CA1,匡,7
573,E58DBF,卿,5
574,E58FAB,叫,6
575,E596AC,喬,11
576,E5A283,境,1
577,E5B3A1,峡,22
578,E5BCB7,強,16
579,E5BD8A,彊,9
580,E680AF,怯,20
581,E68190,恐,5
582,E681AD,恭,2
583,E68C9F,挟,17
584,E69599,教,2
585,E6A98B,橋,23
586,E6B381,況,21
587,E78B82,狂,17
588,E78BAD,狭,9
589,E79FAF,矯,0
590,E883B8,胸,12
591,E88485,脅,25
592,E88888,興,22
593,E8958E,蕎,2
594,E983B7,郷,17
595,E98FA1,鏡,13
596,E99FBF,響,2
597,E9A597,饗,22
598,E9A99A,驚,2
599,E4BBB0,仰,18
600,E5879D,凝,27
601,E5B0AD,尭,8
602,E69A81,暁,15
603,E6A5AD,業,5
604,E5B180,局,15
605,E69BB2,曲,6
606,E6A5B5,極,23
607,E78E89,玉,14
608,E6A190,桐,20
609,E7B281,粁,12
610,E58385,僅,17
611,E58BA4,勤,26
612,E59D87,均,10
613,E5B7BE,巾,19
614,E98CA6,錦,28
615,E696A4,斤,21
616,E6ACA3,欣,27
617,E6ACBD,欽,3
618,E790B4,琴,2
619,E7A681,禁,5
620,E7A6BD,禽,11
621,E7AD8B,筋,26
622,E7B78A,緊,5
623,E88AB9,芹,2
624,E88F8C,菌,2
625,E8A1BF,衿,18
626,E8A59F,襟,9
627,E8ACB9,謹,27
628,E8BF91,近,11
629,E98791,金,14
630,E5909F,吟,2
631,E98A80,銀,13
632,E4B99D,九,8
633,E580B6,倶,1
634,E58FA5,句,5
635,E58CBA,区,7
636,E78B97,狗,25
637,E78E96,玖,27
638,E79FA9,矩,15
639,E88BA6,苦,4
640,E8BAAF,躯,26
641,E9A786,駆,26
642,E9A788,駈,26
643,E9A792,駒,26
644,E585B7,具,22
645,E6849A,愚,5
646,E8999E,虞,7
647,E596B0,喰,5
648,E7A9BA,空,14
649,E581B6,偶,1
650,E5AF93,寓,7
651,E98187,遇,11
652,E99A85,隅,27
653,E4B8B2,串,19
654,E6AB9B,櫛,23
655,E987A7,釧,13
656,E5B191,屑,6
657,E5B188,屈,15
658,E68E98,掘,20
659,E7AA9F,窟,23
660,E6B293,沓,4
661,E99DB4,靴,13
662,E8BDA1,轡,10
663,E7AAAA,窪,7
664,E7868A,熊,22
665,E99A88,隈,27
666,E7B282,粂,5
667,E6A097,栗,5
668,E7B9B0,繰,3
669,E6A191,桑,5
670,E98DAC,鍬,13
671,E58BB2,勲,2
672,E5909B,君,4
673,E896AB,薫,2
674,E8A893,訓,29
675,E7BEA4,群,2
676,E8BB8D,軍,5
677,E983A1,郡,2
678,E58DA6,卦,12
679,E8A288,袈,22
680,E7A581,祁,12
681,E4BF82,係,17
682,E582BE,傾,1
683,E58891,刑,0
684,E58584,兄,8
685,E59593,啓,2
686,E59CAD,圭,14
687,E78FAA,珪,6
688,E59E8B,型,7
689,E5A591,契,16
690,E5BDA2,形,14
691,E5BE84,径,9
692,E681B5,恵,14
693,E685B6,慶,7
694,E685A7,慧,5
695,E686A9,憩,5
696,E68EB2,掲,20
697,E690BA,携,23
698,E695AC,敬,3
699,E699AF,景,29
700,E6A182,桂,18
701,E6B893,渓,21
702,E795A6,畦,12
703,E7A8BD,稽,13
704,E7B3BB,系,5
705,E7B58C,経,12
706,E7B699,継,13
707,E7B98B,繋,5
708,E7BDAB,罫,2
709,E88C8E,茎,2
710,E88D8A,荊,5
711,E89B8D,蛍,14
712,E8A888,計,12
713,E8A9A3,詣,29
714,E8ADA6,警,2
715,E8BBBD,軽,12
716,E9A09A,頚,29
717,E9B68F,鶏,15
718,E88AB8,芸,22
719,E8BF8E,迎,11
720,E9AFA8,鯨,12
721,E58A87,劇,15
722,E6889F,戟,3
723,E69283,撃,5
724,E6BF80,激,7
725,E99A99,隙,6
726,E6A181,桁,20
727,E58291,傑,9
728,E6ACA0,欠,16
729,E6B1BA,決,21
730,E6BD94,潔,23
731,E7A9B4,穴,16
732,E7B590,結,28
733,E8A180,血,11
734,E8A8A3,訣,27
735,E69C88,月,11
736,E4BBB6,件,18
737,E580B9,倹,9
738,E580A6,倦,1
739,E581A5,健,22
740,E585BC,兼,2
741,E588B8,券,10
742,E589A3,剣,15
743,E596A7,喧,5
744,E59C8F,圏,27
745,E5A085,堅,2
746,E5AB8C,嫌,1
747,E5BBBA,建,11
748,E686B2,憲,14
749,E687B8,懸,5
750,E68BB3,拳,14
751,E68DB2,捲,20
752,E6A49C,検,9
753,E6A8A9,権,23
754,E789BD,牽,14
755,E78AAC,犬,7
756,E78CAE,献,27
757,E7A094,研,15
758,E7A1AF,硯,1
759,E7B5B9,絹,28
760,E79C8C,県,5
761,E882A9,肩,15
762,E8A68B,見,8
763,E8AC99,謙,23
764,E8B3A2,賢,22
765,E8BB92,軒,12
766,E981A3,遣,24
767,E98DB5,鍵,13
768,E999BA,険,27
769,E9A195,顕,29
770,E9A893,験,3
771,E9B9B8,鹸,3
772,E58583,元,8
773,E58E9F,原,29
774,E58EB3,厳,29
775,E5B9BB,幻,26
776,E5BCA6,弦,22
777,E6B89B,減,7
778,E6BA90,源,0
779,E78E84,玄,7
780,E78FBE,現,23
781,E7B583,絃,12
782,E888B7,舷,27
783,E8A880,言,4
784,E8ABBA,諺,6
785,E99990,限,27
786,E4B98E,乎,19
787,E5808B,個,1
788,E58FA4,古,4
789,E591BC,呼,6
790,E59BBA,固,7
791,E5A791,姑,26
792,E5ADA4,孤,6
793,E5B7B1,己,4
794,E5BAAB,庫,14
795,E5BCA7,弧,22
796,E688B8,戸,25
797,E69585,故,22
798,E69EAF,枯,20
799,E6B996,湖,0
800,E78B90,狐,17
801,E7B38A,糊,28
802,E8A2B4,袴,20
803,E882A1,股,22
804,E883A1,胡,15
805,E88FB0,菰,2
806,E8998E,虎,11
807,E8AA87,誇,6
808,E8B7A8,跨,12
809,E988B7,鈷,28
810,E99B87,雇,27
811,E9A1A7,顧,29
812,E9BC93,鼓,3
813,E4BA94,五,7
814,E4BA92,互,11
815,E4BC8D,伍,1
816,E58D88,午,19
817,E59189,呉,22
818,E590BE,吾,4
819,E5A8AF,娯,13
820,E5BE8C,後,9
821,E5BEA1,御,23
822,E6829F,悟,20
823,E6A2A7,梧,20
824,E6AA8E,檎,23
825,E7919A,瑚,0
826,E7A281,碁,2
827,E8AA9E,語,15
828,E8AAA4,誤,27
829,E8ADB7,護,7
830,E98690,醐,29
831,E4B99E,乞,4
832,E9AF89,鯉,13
833,E4BAA4,交,16
834,E4BDBC,佼,9
835,E4BEAF,侯,9
836,E58099,候,9
837,E58096,倖,18
838,E58589,光,8
839,E585AC,公,22
840,E58A9F,功,5
841,E58AB9,効,26
842,E58BBE,勾,5
843,E58E9A,厚,29
844,E58FA3,口,17
845,E59091,向,8
846,E5908E,后,6
847,E59689,喉,27
848,E59D91,坑,29
849,E59EA2,垢,15
850,E5A5BD,好,12
851,E5AD94,孔,8
852,E5AD9D,孝,19
853,E5AE8F,宏,7
854,E5B7A5,工,14
855,E5B7A7,巧,11
856,E5B7B7,巷,5
857,E5B9B8,幸,19
858,E5BA83,広,7
859,E5BA9A,庚,7
860,E5BAB7,康,23
861,E5BC98,弘,27
862,E68192,恒,20
863,E6858C,慌,17
864,E68A97,抗,9
865,E68B98,拘,20
866,E68EA7,控,9
867,E694BB,攻,7
868,E69882,昂,10
869,E69983,晃,8
870,E69BB4,更,7
871,E69DAD,杭,23
872,E6A0A1,校,9
873,E6A297,梗,23
874,E6A78B,構,20
875,E6B19F,江,21
876,E6B4AA,洪,14
877,E6B5A9,浩,0
878,E6B8AF,港,24
879,E6BA9D,溝,24
880,E794B2,甲,19
881,E79A87,皇,14
882,E7A1AC,硬,1
883,E7A8BF,稿,13
884,E7B3A0,糠,3
885,E7B485,紅,12
886,E7B498,紘,3
887,E7B59E,絞,3
888,E7B6B1,綱,13
889,E88095,耕,13
890,E88083,考,25
891,E882AF,肯,25
892,E882B1,肱,27
893,E88594,腔,3
894,E8868F,膏,25
895,E888AA,航,26
896,E88D92,荒,2
897,E8A18C,行,18
898,E8A1A1,衡,23
899,E8AC9B,講,15
900,E8B2A2,貢,16
901,E8B3BC,購,15
902,E9838A,郊,2
903,E985B5,酵,12
904,E989B1,鉱,12
905,E7A0BF,砿,6
906,E98BBC,鋼,13
907,E996A4,閤,6
908,E9998D,降,6
909,E9A085,項,23
910,E9A699,香,10
911,E9AB98,高,11
912,E9B4BB,鴻,0
913,E5899B,剛,15
914,E58AAB,劫,26
915,E58FB7,号,25
916,E59088,合,4
917,E5A395,壕,0
918,E68BB7,拷,20
919,E6BFA0,濠,0
920,E8B1AA,豪,23
921,E8BD9F,轟,25
922,E9BAB9,麹,28
923,E5858B,克,8
924,E588BB,刻,26
925,E5918A,告,4
926,E59BBD,国,7
927,E7A980,穀,3
928,E985B7,酷,15
929,E9B5A0,鵠,15
930,E9BB92,黒,7
931,E78D84,獄,9
932,E6BC89,漉,0
933,E885B0,腰,27
934,E79491,甑,27
935,E5BFBD,忽,5
936,E6839A,惚,20
937,E9AAA8,骨,18
938,E78B9B,狛,28
939,E8BEBC,込,24
940,E6ADA4,此,6
941,E9A083,頃,29
942,E4BB8A,今,10
943,E59BB0,困,7
944,E59DA4,坤,18
945,E5A2BE,墾,5
946,E5A99A,婚,13
947,E681A8,恨,9
948,E68787,懇,5
949,E6988F,昏,10
950,E69886,昆,11
951,E6A0B9,根,9
952,E6A2B1,梱,20
953,E6B7B7,混,21
954,E79795,痕,17
955,E7B4BA,紺,28
956,E889AE,艮,16
957,E9AD82,魂,15
958,E4BA9B,些,22
959,E4BD90,佐,9
960,E58F89,叉,7
961,E59486,唆,27
962,E5B5AF,嵯,13
963,E5B7A6,左,11
964,E5B7AE,差,11
965,E69FBB,査,7
966,E6B299,沙,21
967,E791B3,瑳,23
968,E7A082,砂,12
969,E8A990,詐,22
970,E98E96,鎖,13
971,E8A39F,裟,9
972,E59D90,坐,14
973,E5BAA7,座,14
974,E68CAB,挫,17
975,E582B5,債,1
976,E582AC,催,17
977,E5868D,再,25
978,E69C80,最,29
979,E59389,哉,22
980,E5A19E,塞,14
981,E5A6BB,妻,10
982,E5AEB0,宰,19
983,E5BDA9,彩,10
984,E6898D,才,19
985,E68EA1,採,17
986,E6A0BD,栽,3
987,E6ADB3,歳,7
988,E6B888,済,0
989,E781BD,災,16
990,E98787,采,19
991,E78A80,犀,6
992,E7A095,砕,12
993,E7A0A6,砦,5
994,E7A5AD,祭,5
995,E6968E,斎,14
996,E7B4B0,細,13
997,E88F9C,菜,5
998,E8A381,裁,3
999,E8BC89,載,3
1000,E99A9B,際,6
1001,E589A4,剤,15
1002,E59CA8,在,16
1003,E69D90,材,12
1004,E7BDAA,罪,2
1005,E8B2A1,財,6
1006,E586B4,冴,11
1007,E59D82,坂,7
1008,E998AA,阪,27
1009,E5A0BA,堺,23
1010,E6A68A,榊,23
1011,E882B4,肴,2
1012,E592B2,咲,27
1013,E5B48E,崎,13
1014,E59FBC,埼,1
1015,E7A295,碕,13
1016,E9B7BA,鷺,2
1017,E4BD9C,作,25
1018,E5898A,削,15
1019,E5928B,咋,25
1020,E690BE,搾,18
1021,E698A8,昨,25
1022,E69C94,朔,0
1023,E69FB5,柵,20
1024,E7AA84,窄,19
1025,E7AD96,策,5
1026,E7B4A2,索,14
1027,E98CAF,錯,13
1028,E6A19C,桜,9
1029,E9AEAD,鮭,3
1030,E7ACB9,笹,23
1031,E58C99,匙,2
1032,E5868A,冊,17
1033,E588B7,刷,15
1034,E5AF9F,察,5
1035,E68BB6,拶,9
1036,E692AE,撮,17
1037,E693A6,擦,9
1038,E69CAD,札,12
1039,E6AEBA,殺,3
1040,E896A9,薩,2
1041,E99B91,雑,13
1042,E79A90,皐,19
1043,E9AF96,鯖,28
1044,E68D8C,捌,1
1045,E98C86,錆,13
1046,E9AEAB,鮫,3
1047,E79ABF,皿,6
1048,E69992,晒,29
1049,E4B889,三,7
1050,E58298,傘,19
1051,E58F82,参,10
1052,E5B1B1,山,14
1053,E683A8,惨,23
1054,E69292,撒,16
1055,E695A3,散,27
1056,E6A19F,桟,17
1057,E787A6,燦,0
1058,E78F8A,珊,15
1059,E794A3,産,7
1060,E7AE97,算,12
1061,E7BA82,纂,5
1062,E89A95,蚕,14
1063,E8AE83,讃,23
1064,E8B39B,賛,22
1065,E985B8,酸,22
1066,E9A490,餐,22
1067,E696AC,斬,26
1068,E69AAB,暫,2
1069,E6AE8B,残,22
1070,E4BB95,仕,17
1071,E4BB94,仔,17
1072,E4BCBA,伺,1
1073,E4BDBF,使,17
1074,E588BA,刺,15
1075,E58FB8,司,0
1076,E58FB2,史,14
1077,E597A3,嗣,15
1078,E59B9B,四,6
1079,E5A3AB,士,19
1080,E5A78B,始,26
1081,E5A789,姉,12
1082,E5A7BF,姿,16
1083,E5AD90,子,19
1084,E5B18D,屍,6
1085,E5B882,市,19
1086,E5B8AB,師,22
1087,E5BF97,志,14
1088,E6809D,思,5
1089,E68C87,指,20
1090,E694AF,支,16
1091,E5AD9C,孜,16
1092,E696AF,斯,29
1093,E696BD,施,15
1094,E697A8,旨,25
1095,E69E9D,枝,9
1096,E6ADA2,止,14
1097,E6ADBB,死,8
1098,E6B08F,氏,21
1099,E78D85,獅,13
1100,E7A589,祉,3
1101,E7A781,私,26
1102,E7B3B8,糸,14
1103,E7B499,紙,13
1104,E7B4AB,紫,5
1105,E882A2,肢,22
1106,E88482,脂,29
1107,E887B3,至,14
1108,E8A696,視,23
1109,E8A99E,詞,15
1110,E8A9A9,詩,6
1111,E8A9A6,試,27
1112,E8AA8C,誌,6
1113,E8ABAE,諮,15
1114,E8B387,資,16
1115,E8B39C,賜,0
1116,E99B8C,雌,13
1117,E9A3BC,飼,13
1118,E6ADAF,歯,23
1119,E4BA8B,事,14
1120,E4BCBC,似,9
1121,E4BE8D,侍,20
1122,E58590,児,8
1123,E5AD97,字,19
1124,E5AFBA,寺,4
1125,E68588,慈,5
1126,E68C81,持,18
1127,E69982,時,2
1128,E6ACA1,次,7
1129,E6BB8B,滋,0
1130,E6B2BB,治,0
1131,E788BE,爾,13
1132,E792BD,璽,7
1133,E79794,痔,20
1134,E7A381,磁,1
1135,E7A4BA,示,19
1136,E8808C,而,11
1137,E880B3,耳,2
1138,E887AA,自,4
1139,E89294,蒔,2
1140,E8BE9E,辞,22
1141,E6B190,汐,21
1142,E9B9BF,鹿,11
1143,E5BC8F,式,21
1144,E8AD98,識,7
1145,E9B4AB,鴫,15
1146,E7ABBA,竺,11
1147,E8BBB8,軸,13
1148,E5AE8D,宍,10
1149,E99BAB,雫,19
1150,E4B883,七,4
1151,E58FB1,叱,5
1152,E59FB7,執,3
1153,E5A4B1,失,16
1154,E5AB89,嫉,3
1155,E5AEA4,室,7
1156,E68289,悉,5
1157,E6B9BF,湿,0
1158,E6BC86,漆,24
1159,E796BE,疾,17
1160,E8B3AA,質,16
1161,E5AE9F,実,16
1162,E89480,蔀,2
1163,E7AFA0,篠,9
1164,E581B2,偲,1
1165,E69FB4,柴,5
1166,E88A9D,芝,11
1167,E5B1A1,屡,29
1168,E8958A,蕊,2
1169,E7B89E,縞,13
1170,E8888E,舎,4
1171,E58699,写,2
1172,E5B084,射,6
1173,E68DA8,捨,20
1174,E8B5A6,赦,3
1175,E6969C,斜,3
1176,E785AE,煮,7
1177,E7A4BE,社,12
1178,E7B497,紗,12
1179,E88085,者,10
1180,E8AC9D,謝,0
1181,E8BB8A,車,19
1182,E981AE,遮,24
1183,E89B87,蛇,26
1184,E982AA,邪,2
1185,E5809F,借,1
1186,E58BBA,勺,10
1187,E5B0BA,尺,21
1188,E69D93,杓,20
1189,E781BC,灼,20
1190,E788B5,爵,2
1191,E9858C,酌,26
1192,E98788,釈,26
1193,E98CAB,錫,13
1194,E88BA5,若,2
1195,E5AF82,寂,16
1196,E5BCB1,弱,6
1197,E683B9,惹,5
1198,E4B8BB,主,14
1199,E58F96,取,27
1200,E5AE88,守,4
1201,E6898B,手,19
1202,E69CB1,朱,19
1203,E6AE8A,殊,2
1204,E78BA9,狩,25
1205,E78FA0,珠,2
1206,E7A8AE,種,9
1207,E885AB,腫,27
1208,E8B6A3,趣,15
1209,E98592,酒,0
1210,E9A696,首,10
1211,E58492,儒,1
1212,E58F97,受,16
1213,E591AA,呪,27
1214,E5AFBF,寿,4
1215,E68E88,授,9
1216,E6A8B9,樹,20
1217,E7B6AC,綬,3
1218,E99C80,需,7
1219,E59B9A,囚,7
1220,E58F8E,収,27
1221,E591A8,周,0
1222,E5AE97,宗,14
1223,E5B0B1,就,3
1224,E5B79E,州,13
1225,E4BFAE,修,10
1226,E68481,愁,5
1227,E68BBE,拾,20
1228,E6B4B2,洲,0
1229,E7A780,秀,25
1230,E7A78B,秋,3
1231,E7B582,終,28
1232,E7B98D,繍,13
1233,E7BF92,習,4
1234,E887AD,臭,16
1235,E8889F,舟,24
1236,E89290,蒐,22
1237,E8A186,衆,14
1238,E8A5B2,襲,22
1239,E8AE90,讐,2
1240,E8B9B4,蹴,29
1241,E8BCAF,輯,13
1242,E980B1,週,24
1243,E9858B,酋,2
1244,E985AC,酬,29
1245,E99B86,集,5
1246,E9869C,醜,27
1247,E4BB80,什,18
1248,E4BD8F,住,17
1249,E58585,充,8
1250,E58D81,十,19
1251,E5BE93,従,17
1252,E6888E,戎,17
1253,E69F94,柔,5
1254,E6B181,汁,21
1255,E6B88B,渋,21
1256,E78DA3,獣,3
1257,E7B8A6,縦,13
1258,E9878D,重,14
1259,E98A83,銃,13
1260,E58F94,叔,3
1261,E5A499,夙,29
1262,E5AEBF,宿,23
1263,E6B791,淑,23
1264,E7A59D,祝,23
1265,E7B8AE,縮,28
1266,E7B29B,粛,14
1267,E5A1BE,塾,5
1268,E7869F,熟,5
1269,E587BA,出,14
1270,E8A193,術,20
1271,E8BFB0,述,11
1272,E4BF8A,俊,9
1273,E5B3BB,峻,13
1274,E698A5,春,10
1275,E79EAC,瞬,27
1276,E7ABA3,竣,22
1277,E8889C,舜,18
1278,E9A7BF,駿,3
1279,E58786,准,14
1280,E5BEAA,循,1
1281,E697AC,旬,5
1282,E6A5AF,楯,23
1283,E6AE89,殉,10
1284,E6B7B3,淳,24
1285,E6BA96,準,19
1286,E6BDA4,潤,0
1287,E79BBE,盾,29
1288,E7B494,純,12
1289,E5B7A1,巡,11
1290,E981B5,遵,11
1291,E98687,醇,2
1292,E9A086,順,29
1293,E587A6,処,26
1294,E5889D,初,28
1295,E68980,所,29
1296,E69A91,暑,10
1297,E69B99,曙,5
1298,E6B89A,渚,0
1299,E5BAB6,庶,7
1300,E7B792,緒,28
1301,E7BDB2,署,14
1302,E69BB8,書,10
1303,E896AF,薯,2
1304,E897B7,藷,5
1305,E8ABB8,諸,15
1306,E58AA9,助,26
1307,E58F99,叙,3
1308,E5A5B3,女,16
1309,E5BA8F,序,14
1310,E5BE90,徐,20
1311,E68195,恕,5
1312,E98BA4,鋤,13
1313,E999A4,除,6
1314,E582B7,傷,1
1315,E5849F,償,1
1316,E58B9D,勝,12
1317,E58CA0,匠,7
1318,E58D87,升,25
1319,E58FAC,召,4
1320,E593A8,哨,15
1321,E59586,商,11
1322,E594B1,唱,29
1323,E59897,嘗,16
1324,E5A5A8,奨,16
1325,E5A6BE,妾,16
1326,E5A8BC,娼,13
1327,E5AEB5,宵,25
1328,E5B086,将,12
1329,E5B08F,小,19
1330,E5B091,少,10
1331,E5B09A,尚,8
1332,E5BA84,庄,7
1333,E5BA8A,床,14
1334,E5BBA0,廠,29
1335,E5BDB0,彰,5
1336,E689BF,承,5
1337,E68A84,抄,9
1338,E68B9B,招,20
1339,E68E8C,掌,19
1340,E68DB7,捷,17
1341,E69887,昇,25
1342,E6988C,昌,2
1343,E698AD,昭,15
1344,E699B6,晶,29
1345,E69DBE,松,20
1346,E6A2A2,梢,20
1347,E6A89F,樟,18
1348,E6A8B5,樵,23
1349,E6B2BC,沼,0
1350,E6B688,消,0
1351,E6B889,渉,21
1352,E6B998,湘,0
1353,E784BC,焼,0
1354,E784A6,焦,6
1355,E785A7,照,2
1356,E79787,症,17
1357,E79C81,省,10
1358,E7A19D,硝,15
1359,E7A481,礁,13
1360,E7A5A5,祥,25
1361,E7A7B0,称,25
1362,E7ABA0,章,14
1363,E7AC91,笑,16
1364,E7B2A7,粧,3
1365,E7B4B9,紹,28
1366,E88296,肖,25
1367,E88F96,菖,2
1368,E8928B,蒋,2
1369,E89589,蕉,2
1370,E8A19D,衝,23
1371,E8A3B3,裳,16
1372,E8A89F,訟,27
1373,E8A8BC,証,27
1374,E8A994,詔,15
1375,E8A9B3,詳,22
1376,E8B1A1,象,19
1377,E8B39E,賞,16
1378,E986A4,醤,16
1379,E989A6,鉦,13
1380,E98DBE,鍾,13
1381,E99098,鐘,13
1382,E99A9C,障,6
1383,E99E98,鞘,28
1384,E4B88A,上,14
1385,E4B888,丈,7
1386,E4B89E,丞,14
1387,E4B997,乗,5
1388,E58697,冗,11
1389,E589B0,剰,28
1390,E59F8E,城,1
1391,E5A0B4,場,0
1392,E5A38C,壌,23
1393,E5ACA2,嬢,13
1394,E5B8B8,常,14
1395,E68385,情,1
1396,E693BE,擾,9
1397,E69DA1,条,5
1398,E69D96,杖,9
1399,E6B584,浄,24
1400,E78AB6,状,3
1401,E795B3,畳,16
1402,E7A9A3,穣,13
1403,E892B8,蒸,2
1404,E8ADB2,譲,29
1405,E986B8,醸,27
1406,E98CA0,錠,3
1407,E598B1,嘱,27
1408,E59FB4,埴,0
1409,E9A3BE,飾,28
1410,E68BAD,拭,9
1411,E6A48D,植,23
1412,E6AE96,殖,29
1413,E787AD,燭,0
1414,E7B994,織,3
1415,E881B7,職,27
1416,E889B2,色,10
1417,E8A7A6,触,26
1418,E9A39F,食,16
1419,E89D95,蝕,3
1420,E8BEB1,辱,2
1421,E5B0BB,尻,27
1422,E4BCB8,伸,18
1423,E4BFA1,信,1
1424,E4BEB5,侵,9
1425,E59487,唇,10
1426,E5A8A0,娠,13
1427,E5AF9D,寝,16
1428,E5AFA9,審,14
1429,E5BF83,心,4
1430,E6858E,慎,1
1431,E68CAF,振,9
1432,E696B0,新,26
1433,E6998B,晋,10
1434,E6A3AE,森,10
1435,E6A69B,榛,9
1436,E6B5B8,浸,21
1437,E6B7B1,深,11
1438,E794B3,申,19
1439,E796B9,疹,17
1440,E79C9F,真,16
1441,E7A59E,神,18
1442,E7A7A6,秦,19
1443,E7B4B3,紳,12
1444,E887A3,臣,7
1445,E88AAF,芯,4
1446,E896AA,薪,5
1447,E8A6AA,親,29
1448,E8A8BA,診,6
1449,E8BAAB,身,25
1450,E8BE9B,辛,19
1451,E980B2,進,24
1452,E9879D,針,12
1453,E99C87,震,7
1454,E4BABA,人,7
1455,E4BB81,仁,18
1456,E58883,刃,4
1457,E5A1B5,塵,23
1458,E5A3AC,壬,14
1459,E5B08B,尋,2
1460,E7949A,甚,10
1461,E5B0BD,尽,4
1462,E8858E,腎,2
1463,E8A88A,訊,29
1464,E8BF85,迅,24
1465,E999A3,陣,6
1466,E99DAD,靭,28
1467,E7ACA5,笥,20
1468,E8AB8F,諏,6
1469,E9A088,須,23
1470,E985A2,酢,12
1471,E59BB3,図,7
1472,E58EA8,厨,15
1473,E98097,逗,14
1474,E590B9,吹,27
1475,E59E82,垂,14
1476,E5B8A5,帥,12
1477,E68EA8,推,23
1478,E6B0B4,水,19
1479,E7828A,炊,22
1480,E79DA1,睡,27
1481,E7B28B,粋,12
1482,E7BFA0,翠,29
1483,E8A1B0,衰,16
1484,E98182,遂,11
1485,E98594,酔,12
1486,E98C90,錐,23
1487,E98C98,錘,13
1488,E99A8F,随,15
1489,E7919E,瑞,15
1490,E9AB84,髄,6
1491,E5B487,崇,23
1492,E5B5A9,嵩,11
1493,E695B0,数,3
1494,E69EA2,枢,20
1495,E8B6A8,趨,15
1496,E99B9B,雛,13
1497,E68DAE,据,20
1498,E69D89,杉,3
1499,E6A499,椙,20
1500,E88F85,菅,2
1501,E9A097,頗,29
1502,E99B80,雀,16
1503,E8A3BE,裾,20
1504,E6BE84,澄,0
1505,E691BA,摺,1
1506,E5AFB8,寸,25
1507,E4B896,世,10
1508,E780AC,瀬,23
1509,E7959D,畝,27
1510,E698AF,是,24
1511,E58784,凄,23
1512,E588B6,制,15
1513,E58BA2,勢,5
1514,E5A793,姓,22
1515,E5BE81,征,17
1516,E680A7,性,17
1517,E68890,成,21
1518,E694BF,政,22
1519,E695B4,整,22
1520,E6989F,星,23
1521,E699B4,晴,15
1522,E6A3B2,棲,23
1523,E6A096,栖,20
1524,E6ADA3,正,14
1525,E6B885,清,0
1526,E789B2,牲,12
1527,E7949F,生,14
1528,E79B9B,盛,7
1529,E7B2BE,精,28
1530,E88196,聖,14
1531,E5A3B0,声,14
1532,E8A3BD,製,22
1533,E8A5BF,西,11
1534,E8AAA0,誠,27
1535,E8AA93,誓,2
1536,E8AB8B,請,15
1537,E9809D,逝,24
1538,E98692,醒,27
1539,E99D92,青,4
1540,E99D99,静,2
1541,E69689,斉,25
1542,E7A88E,税,13
1543,E88486,脆,6
1544,E99ABB,隻,16
1545,E5B8AD,席,24
1546,E6839C,惜,1
1547,E6889A,戚,27
1548,E696A5,斥,21
1549,E69894,昔,2
1550,E69E90,析,20
1551,E79FB3,石,2
1552,E7A98D,積,13
1553,E7B18D,籍,28
1554,E7B8BE,績,13
1555,E8848A,脊,25
1556,E8B2AC,責,16
1557,E8B5A4,赤,4
1558,E8B7A1,跡,12
1559,E8B99F,蹟,29
1560,E7A2A9,碩,29
1561,E58887,切,0
1562,E68B99,拙,17
1563,E68EA5,接,9
1564,E69182,摂,9
1565,E68A98,折,9
1566,E8A8AD,設,27
1567,E7AA83,窃,20
1568,E7AF80,節,28
1569,E8AAAC,説,27
1570,E99BAA,雪,7
1571,E7B5B6,絶,28
1572,E8888C,舌,4
1573,E89D89,蝉,12
1574,E4BB99,仙,12
1575,E58588,先,8
1576,E58D83,千,19
1577,E58DA0,占,4
1578,E5AEA3,宣,7
1579,E5B082,専,10
1580,E5B096,尖,16
1581,E5B79D,川,0
1582,E688A6,戦,3
1583,E68987,扇,29
1584,E692B0,撰,9
1585,E6A093,栓,18
1586,E6A0B4,栴,20
1587,E6B389,泉,14
1588,E6B585,浅,21
1589,E6B497,洗,21
1590,E69F93,染,23
1591,E6BD9C,潜,0
1592,E7858E,煎,2
1593,E785BD,煽,0
1594,E6978B,旋,22
1595,E7A9BF,穿,10
1596,E7AEAD,箭,1
1597,E7B79A,線,3
1598,E7B98A,繊,3
1599,E7BEA8,羨,2
1600,E885BA,腺,3
1601,E8889B,舛,17
1602,E888B9,船,26
1603,E896A6,薦,2
1604,E8A9AE,詮,6
1605,E8B38E,賎,27
1606,E8B7B5,践,22
1607,E981B8,選,24
1608,E981B7,遷,24
1609,E98AAD,銭,3
1610,E98A91,銑,3
1611,E99683,閃,6
1612,E9AEAE,鮮,12
1613,E5898D,前,26
1614,E59684,善,2
1615,E6BCB8,漸,23
1616,E784B6,然,5
1617,E585A8,全,14
1618,E7A685,禅,18
1619,E7B995,繕,13
1620,E886B3,膳,29
1621,E7B38E,糎,13
1622,E5998C,噌,29
1623,E5A191,塑,23
1624,E5B2A8,岨,13
1625,E68EAA,措,20
1626,E69BBE,曾,10
1627,E69BBD,曽,2
1628,E6A59A,楚,5
1629,E78B99,狙,23
1630,E7968F,疏,6
1631,E7968E,疎,12
1632,E7A48E,礎,1
1633,E7A596,祖,23
1634,E7A79F,租,23
1635,E7B297,粗,13
1636,E7B4A0,素,14
1637,E7B584,組,28
1638,E89887,蘇,12
1639,E8A8B4,訴,29
1640,E998BB,阻,29
1641,E981A1,遡,24
1642,E9BCA0,鼠,27
1643,E583A7,僧,1
1644,E589B5,創,15
1645,E58F8C,双,27
1646,E58FA2,叢,7
1647,E58089,倉,24
1648,E596AA,喪,16
1649,E5A3AE,壮,12
1650,E5A58F,奏,10
1651,E788BD,爽,16
1652,E5AE8B,宋,19
1653,E5B1A4,層,29
1654,E58C9D,匝,7
1655,E683A3,惣,5
1656,E683B3,想,5
1657,E68D9C,捜,9
1658,E68E83,掃,18
1659,E68CBF,挿,18
1660,E68EBB,掻,17
1661,E6938D,操,9
1662,E697A9,早,5
1663,E69BB9,曹,2
1664,E5B7A3,巣,19
1665,E6A78D,槍,20
1666,E6A7BD,槽,23
1667,E6BC95,漕,24
1668,E787A5,燥,1
1669,E4BA89,争,19
1670,E797A9,痩,17
1671,E79BB8,相,20
1672,E7AA93,窓,14
1673,E7B39F,糟,13
1674,E7B78F,総,28
1675,E7B69C,綜,12
1676,E881A1,聡,26
1677,E88D89,草,5
1678,E88D98,荘,2
1679,E891AC,葬,2
1680,E892BC,蒼,2
1681,E897BB,藻,2
1682,E8A385,装,22
1683,E8B5B0,走,14
1684,E98081,送,24
1685,E981AD,遭,24
1686,E98E97,鎗,28
1687,E99C9C,霜,5
1688,E9A892,騒,27
1689,E5838F,像,10
1690,E5A297,増,0
1691,E6868E,憎,1
1692,E88793,臓,27
1693,E894B5,蔵,27
1694,E8B488,贈,15
1695,E980A0,造,24
1696,E4BF83,促,17
1697,E581B4,側,1
1698,E58987,則,15
1699,E58DB3,即,6
1700,E681AF,息,14
1701,E68D89,捉,17
1702,E69D9F,束,14
1703,E6B8AC,測,0
1704,E8B6B3,足,15
1705,E9809F,速,11
1706,E4BF97,俗,1
1707,E5B19E,属,27
1708,E8B38A,賊,27
1709,E6978F,族,22
1710,E7B69A,続,28
1711,E58D92,卒,19
1712,E8A296,袖,20
1713,E585B6,其,22
1714,E68F83,揃,20
1715,E5AD98,存,25
1716,E5ADAB,孫,8
1717,E5B08A,尊,5
1718,E6908D,損,23
1719,E69D91,村,12
1720,E9819C,遜,24
1721,E4BB96,他,0
1722,E5A49A,多,10
1723,E5A4AA,太,7
1724,E6B1B0,汰,21
1725,E8A991,詑,15
1726,E594BE,唾,27
1727,E5A095,堕,14
1728,E5A6A5,妥,16
1729,E683B0,惰,1
1730,E68993,打,18
1731,E69F81,柁,20
1732,E888B5,舵,26
1733,E6A595,楕,20
1734,E99980,陀,5
1735,E9A784,駄,27
1736,E9A8A8,騨,3
1737,E4BD93,体,17
1738,E5A086,堆,1
1739,E5AFBE,対,6
1740,E88090,耐,15
1741,E5B2B1,岱,1
1742,E5B8AF,帯,19
1743,E5BE85,待,20
1744,E680A0,怠,5
1745,E6858B,態,5
1746,E688B4,戴,3
1747,E69BBF,替,2
1748,E6B3B0,泰,19
1749,E6BB9E,滞,21
1750,E8838E,胎,26
1751,E885BF,腿,27
1752,E88B94,苔,2
1753,E8A28B,袋,9
1754,E8B2B8,貸,16
1755,E98080,退,24
1756,E980AE,逮,24
1757,E99A8A,隊,27
1758,E9BB9B,黛,7
1759,E9AF9B,鯛,13
1760,E4BBA3,代,17
1761,E58FB0,台,4
1762,E5A4A7,大,7
1763,E7ACAC,第,5
1764,E9868D,醍,27
1765,E9A18C,題,15
1766,E9B7B9,鷹,7
1767,E6BB9D,滝,0
1768,E780A7,瀧,0
1769,E58D93,卓,19
1770,E59584,啄,27
1771,E5AE85,宅,10
1772,E68998,托,17
1773,E68A9E,択,9
1774,E68B93,拓,20
1775,E6B2A2,沢,21
1776,E6BFAF,濯,21
1777,E790A2,琢,15
1778,E8A897,託,6
1779,E990B8,鐸,18
1780,E6BF81,濁,0
1781,E8ABBE,諾,15
1782,E88CB8,茸,2
1783,E587A7,凧,29
1784,E89BB8,蛸,28
1785,E58FAA,只,17
1786,E58FA9,叩,29
1787,E4BD86,但,9
1788,E98194,達,24
1789,E8BEB0,辰,27
1790,E5A5AA,奪,10
1791,E884B1,脱,27
1792,E5B7BD,巽,22
1793,E7ABAA,竪,22
1794,E8BEBF,辿,24
1795,E6A39A,棚,20
1796,E8B0B7,谷,2
1797,E78BB8,狸,17
1798,E9B188,鱈,28
1799,E6A8BD,樽,20
1800,E8AAB0,誰,23
1801,E4B8B9,丹,8
1802,E58D98,単,19
1803,E59886,嘆,2
1804,E59DA6,坦,0
1805,E68B85,担,9
1806,E68EA2,探,17
1807,E697A6,旦,8
1808,E6AD8E,歎,3
1809,E6B7A1,淡,21
1810,E6B99B,湛,0
1811,E782AD,炭,7
1812,E79FAD,短,15
1813,E7ABAF,端,15
1814,E7AEAA,箪,5
1815,E7B6BB,綻,12
1816,E880BD,耽,27
1817,E88386,胆,27
1818,E89B8B,蛋,7
1819,E8AA95,誕,27
1820,E98D9B,鍛,13
1821,E59BA3,団,21
1822,E5A387,壇,0
1823,E5BCBE,弾,25
1824,E696AD,断,29
1825,E69A96,暖,27
1826,E6AA80,檀,23
1827,E6AEB5,段,22
1828,E794B7,男,25
1829,E8AB87,談,27
1830,E580A4,値,1
1831,E79FA5,知,26
1832,E59CB0,地,0
1833,E5BC9B,弛,25
1834,E681A5,恥,6
1835,E699BA,智,2
1836,E6B1A0,池,0
1837,E797B4,痴,1
1838,E7A89A,稚,23
1839,E7BDAE,置,7
1840,E887B4,致,22
1841,E89C98,蜘,1
1842,E98185,遅,11
1843,E9A6B3,馳,26
1844,E7AF89,築,5
1845,E7959C,畜,14
1846,E7ABB9,竹,18
1847,E7AD91,筑,29
1848,E89384,蓄,2
1849,E98090,逐,11
1850,E7A7A9,秩,3
1851,E7AA92,窒,14
1852,E88CB6,茶,5
1853,E5ABA1,嫡,13
1854,E79D80,着,2
1855,E4B8AD,中,19
1856,E4BBB2,仲,18
1857,E5AE99,宙,19
1858,E5BFA0,忠,14
1859,E68ABD,抽,17
1860,E698BC,昼,16
1861,E69FB1,柱,18
1862,E6B3A8,注,11
1863,E899AB,虫,14
1864,E8A1B7,衷,16
1865,E8A8BB,註,6
1866,E9858E,酎,6
1867,E98BB3,鋳,28
1868,E9A790,駐,27
1869,E6A897,樗,20
1870,E780A6,瀦,0
1871,E78CAA,猪,1
1872,E88BA7,苧,5
1873,E89197,著,2
1874,E8B2AF,貯,6
1875,E4B881,丁,19
1876,E58586,兆,8
1877,E5878B,凋,21
1878,E5968B,喋,27
1879,E5AFB5,寵,29
1880,E5B896,帖,28
1881,E5B8B3,帳,13
1882,E5BA81,庁,4
1883,E5BC94,弔,19
1884,E5BCB5,張,16
1885,E5BDAB,彫,5
1886,E5BEB4,徴,10
1887,E687B2,懲,14
1888,E68C91,挑,20
1889,E69AA2,暢,23
1890,E69C9D,朝,28
1891,E6BDAE,潮,0
1892,E78992,牒,22
1893,E794BA,町,2
1894,E79CBA,眺,15
1895,E881B4,聴,26
1896,E884B9,脹,27
1897,E885B8,腸,6
1898,E89DB6,蝶,22
1899,E8AABF,調,15
1900,E8AB9C,諜,6
1901,E8B685,超,15
1902,E8B7B3,跳,29
1903,E98A9A,銚,13
1904,E995B7,長,16
1905,E9A082,頂,23
1906,E9B3A5,鳥,24
1907,E58B85,勅,26
1908,E68D97,捗,9
1909,E79BB4,直,11
1910,E69C95,朕,22
1911,E6B288,沈,21
1912,E78F8D,珍,5
1913,E8B383,賃,16
1914,E98EAE,鎮,13
1915,E999B3,陳,6
1916,E6B4A5,津,21
1917,E5A29C,墜,7
1918,E6A48E,椎,23
1919,E6A78C,槌,23
1920,E8BFBD,追,24
1921,E98E9A,鎚,13
1922,E7979B,痛,1
1923,E9809A,通,11
1924,E5A19A,塚,0
1925,E6A082,栂,20
1926,E68EB4,掴,1
1927,E6A7BB,槻,23
1928,E4BD83,佃,1
1929,E6BCAC,漬,0
1930,E69F98,柘,20
1931,E8BEBB,辻,21
1932,E894A6,蔦,2
1933,E7B6B4,綴,13
1934,E98D94,鍔,28
1935,E6A4BF,椿,20
1936,E6BDB0,潰,0
1937,E59DAA,坪,21
1938,E5A3B7,壷,7
1939,E5ACAC,嬬,13
1940,E7B4AC,紬,28
1941,E788AA,爪,14
1942,E5908A,吊,19
1943,E987A3,釣,26
1944,E9B6B4,鶴,26
1945,E4BAAD,亭,19
1946,E4BD8E,低,17
1947,E5819C,停,18
1948,E581B5,偵,1
1949,E58983,剃,15
1950,E8B29E,貞,16
1951,E59188,呈,14
1952,E5A0A4,堤,21
1953,E5AE9A,定,14
1954,E5B89D,帝,19
1955,E5BA95,底,7
1956,E5BAAD,庭,11
1957,E5BBB7,廷,6
1958,E5BC9F,弟,5
1959,E6828C,悌,18
1960,E68AB5,抵,17
1961,E68CBA,挺,23
1962,E68F90,提,17
1963,E6A2AF,梯,18
1964,E6B180,汀,21
1965,E7A287,碇,22
1966,E7A68E,禎,23
1967,E7A88B,程,9
1968,E7B7A0,締,12
1969,E88987,艇,13
1970,E8A882,訂,6
1971,E8ABA6,諦,6
1972,E8B984,蹄,12
1973,E98093,逓,11
1974,E982B8,邸,2
1975,E984AD,鄭,25
1976,E98798,釘,12
1977,E9BC8E,鼎,5
1978,E6B3A5,泥,0
1979,E69198,摘,1
1980,E693A2,擢,17
1981,E695B5,敵,27
1982,E6BBB4,滴,0
1983,E79A84,的,12
1984,E7AC9B,笛,1
1985,E981A9,適,24
1986,E98F91,鏑,13
1987,E6BABA,溺,0
1988,E593B2,哲,25
1989,E5BEB9,徹,10
1990,E692A4,撤,16
1991,E8BD8D,轍,23
1992,E8BFAD,迭,24
1993,E98984,鉄,3
1994,E585B8,典,8
1995,E5A1AB,填,23
1996,E5A4A9,天,7
1997,E5B195,展,27
1998,E5BA97,店,24
1999,E6B7BB,添,0
2000,E7BA8F,纏,3
2001,E7949C,甜,5
2002,E8B2BC,貼,26
2003,E8BBA2,転,3
2004,E9A19B,顛,29
2005,E782B9,点,11
2006,E4BC9D,伝,9
2007,E6AEBF,殿,3
2008,E6BEB1,澱,27
2009,E794B0,田,14
2010,E99BBB,電,14
2011,E5858E,兎,8
2012,E59090,吐,6
2013,E5A0B5,堵,0
2014,E5A197,塗,7
2015,E5A6AC,妬,15
2016,E5B1A0,屠,29
2017,E5BE92,徒,17
2018,E69697,斗,2
2019,E69D9C,杜,12
2020,E6B8A1,渡,21
2021,E799BB,登,16
2022,E88F9F,菟,22
2023,E8B3AD,賭,15
2024,E98094,途,24
2025,E983BD,都,5
2026,E98D8D,鍍,3
2027,E7A0A5,砥,29
2028,E7A0BA,砺,15
2029,E58AAA,努,2
2030,E5BAA6,度,7
2031,E59C9F,土,14
2032,E5A5B4,奴,22
2033,E68092,怒,5
2034,E58092,倒,1
2035,E5859A,党,8
2036,E586AC,冬,4
2037,E5878D,凍,11
2038,E58880,刀,4
2039,E59490,唐,24
2040,E5A194,塔,0
2041,E5A198,塘,0
2042,E5A597,套,16
2043,E5AE95,宕,4
2044,E5B3B6,島,24
2045,E5B68B,嶋,13
2046,E682BC,悼,18
2047,E68A95,投,9
2048,E690AD,搭,20
2049,E69DB1,東,14
2050,E6A183,桃,20
2051,E6A2BC,梼,20
2052,E6A39F,棟,9
2053,E79B97,盗,11
2054,E6B798,淘,24
2055,E6B9AF,湯,0
2056,E6B69B,涛,0
2057,E781AF,灯,12
2058,E78788,燈,0
2059,E5BD93,当,7
2060,E79798,痘,1
2061,E7A5B7,祷,18
2062,E7AD89,等,10
2063,E7AD94,答,10
2064,E7AD92,筒,1
2065,E7B396,糖,28
2066,E7B5B1,統,13
2067,E588B0,到,11
2068,E891A3,董,2
2069,E895A9,蕩,5
2070,E897A4,藤,2
2071,E8A88E,討,6
2072,E8AC84,謄,22
2073,E8B186,豆,16
2074,E8B88F,踏,15
2075,E98083,逃,24
2076,E9808F,透,11
2077,E99099,鐙,13
2078,E999B6,陶,2
2079,E9A0AD,頭,29
2080,E9A8B0,騰,22
2081,E99798,闘,6
2082,E5838D,働,1
2083,E58B95,動,26
2084,E5908C,同,6
2085,E5A082,堂,14
2086,E5B08E,導,25
2087,E686A7,憧,1
2088,E6929E,撞,17
2089,E6B49E,洞,0
2090,E79EB3,瞳,27
2091,E7ABA5,童,7
2092,E883B4,胴,29
2093,E89084,萄,5
2094,E98193,道,24
2095,E98A85,銅,13
2096,E5B3A0,峠,12
2097,E9B487,鴇,28
2098,E58CBF,匿,27
2099,E5BE97,得,20
2100,E5BEB3,徳,20
2101,E6B69C,涜,0
2102,E789B9,特,20
2103,E79DA3,督,2
2104,E7A6BF,禿,8
2105,E7AFA4,篤,15
2106,E6AF92,毒,10
2107,E78BAC,独,17
2108,E8AAAD,読,6
2109,E6A083,栃,20
2110,E6A9A1,橡,23
2111,E587B8,凸,11
2112,E7AA81,突,16
2113,E6A4B4,椴,9
2114,E5B18A,届,15
2115,E9B3B6,鳶,24
2116,E88BAB,苫,4
2117,E5AF85,寅,16
2118,E98589,酉,11
2119,E7809E,瀞,24
2120,E599B8,噸,29
2121,E5B1AF,屯,14
2122,E68387,惇,18
2123,E695A6,敦,3
2124,E6B28C,沌,21
2125,E8B19A,豚,3
2126,E98181,遁,24
2127,E9A093,頓,29
2128,E59191,呑,4
2129,E69B87,曇,16
2130,E9888D,鈍,12
2131,E5A588,奈,14
2132,E982A3,那,2
2133,E58685,内,8
2134,E4B98D,乍,19
2135,E587AA,凪,29
2136,E89699,薙,5
2137,E8AC8E,謎,27
2138,E78198,灘,7
2139,E68DBA,捺,18
2140,E98D8B,鍋,13
2141,E6A5A2,楢,23
2142,E9A6B4,馴,26
2143,E7B884,縄,13
2144,E795B7,畷,29
2145,E58D97,南,24
2146,E6A5A0,楠,20
2147,E8BB9F,軟,3
2148,E99BA3,難,6
2149,E6B19D,汝,7
2150,E4BA8C,二,4
2151,E5B0BC,尼,15
2152,E5BC90,弐,21
2153,E8BFA9,迩,11
2154,E58C82,匂,5
2155,E8B391,賑,29
2156,E88289,肉,8
2157,E899B9,虹,12
2158,E5BBBF,廿,18
2159,E697A5,日,18
2160,E4B9B3,乳,8
2161,E585A5,入,7
2162,E5A682,如,13
2163,E5B0BF,尿,29
2164,E99FAE,韮,2
2165,E4BBBB,任,17
2166,E5A68A,妊,22
2167,E5BF8D,忍,5
2168,E8AA8D,認,6
2169,E6BFA1,濡,0
2170,E7A6B0,禰,1
2171,E7A5A2,祢,25
2172,E5AFA7,寧,19
2173,E891B1,葱,5
2174,E78CAB,猫,17
2175,E786B1,熱,5
2176,E5B9B4,年,5
2177,E5BFB5,念,14
2178,E68DBB,捻,20
2179,E6929A,撚,9
2180,E78783,燃,0
2181,E7B298,粘,26
2182,E4B983,乃,11
2183,E5BBBC,廼,24
2184,E4B98B,之,24
2185,E59F9C,埜,23
2186,E59AA2,嚢,16
2187,E682A9,悩,1
2188,E6BF83,濃,0
2189,E7B48D,納,28
2190,E883BD,能,15
2191,E884B3,脳,29
2192,E886BF,膿,27
2193,E8BEB2,農,27
2194,E8A697,覗,27
2195,E89AA4,蚤,7
2196,E5B7B4,巴,4
2197,E68A8A,把,20
2198,E692AD,播,17
2199,E8A687,覇,15
2200,E69DB7,杷,20
2201,E6B3A2,波,21
2202,E6B4BE,派,0
2203,E790B6,琶,10
2204,E7A0B4,破,22
2205,E5A986,婆,16
2206,E7BDB5,罵,27
2207,E88AAD,芭,4
2208,E9A6AC,馬,11
2209,E4BFB3,俳,23
2210,E5BB83,廃,7
2211,E68B9D,拝,18
2212,E68E92,排,23
2213,E69597,敗,27
2214,E69DAF,杯,18
2215,E79B83,盃,7
2216,E7898C,牌,22
2217,E8838C,背,2
2218,E882BA,肺,12
2219,E8BCA9,輩,5
2220,E9858D,配,15
2221,E5808D,倍,1
2222,E59FB9,培,0
2223,E5AA92,媒,17
2224,E6A285,梅,20
2225,E6A5B3,楳,9
2226,E785A4,煤,21
2227,E78BBD,狽,10
2228,E8B2B7,買,22
2229,E5A3B2,売,8
2230,E8B3A0,賠,15
2231,E999AA,陪,15
2232,E98099,這,24
2233,E89DBF,蝿,13
2234,E7A7A4,秤,18
2235,E79FA7,矧,13
2236,E890A9,萩,3
2237,E4BCAF,伯,20
2238,E589A5,剥,15
2239,E58D9A,博,1
2240,E68B8D,拍,20
2241,E69F8F,柏,20
2242,E6B38A,泊,0
2243,E799BD,白,4
2244,E7AE94,箔,1
2245,E7B295,粕,26
2246,E888B6,舶,26
2247,E89684,薄,2
2248,E8BFAB,迫,24
2249,E69B9D,曝,5
2250,E6BCA0,漠,11
2251,E78886,爆,23
2252,E7B89B,縛,28
2253,E88EAB,莫,22
2254,E9A781,駁,3
2255,E9BAA6,麦,16
2256,E587BD,函,29
2257,E7AEB1,箱,28
2258,E7A1B2,硲,15
2259,E7AEB8,箸,5
2260,E88287,肇,5
2261,E7AD88,筈,10
2262,E6ABA8,櫨,23
2263,E5B9A1,幡,13
2264,E8828C,肌,29
2265,E79591,畑,15
2266,E795A0,畠,14
2267,E585AB,八,8
2268,E989A2,鉢,12
2269,E6BA8C,溌,0
2270,E799BA,発,8
2271,E98697,醗,27
2272,E9ABAA,髪,22
2273,E4BC90,伐,17
2274,E7BDB0,罰,15
2275,E68A9C,抜,9
2276,E7AD8F,筏,9
2277,E996A5,閥,6
2278,E9B3A9,鳩,15
2279,E599BA,噺,29
2280,E5A199,塙,15
2281,E89BA4,蛤,28
2282,E99ABC,隼,19
2283,E4BCB4,伴,17
2284,E588A4,判,28
2285,E58D8A,半,19
2286,E58F8D,反,7
2287,E58F9B,叛,27
2288,E5B886,帆,13
2289,E690AC,搬,9
2290,E69691,斑,23
2291,E69DBF,板,9
2292,E6B0BE,氾,0
2293,E6B18E,汎,21
2294,E78988,版,27
2295,E78AAF,犯,10
2296,E78FAD,班,15
2297,E79594,畔,12
2298,E7B981,繁,13
2299,E888AC,般,3
2300,E897A9,藩,2
2301,E8B2A9,販,27
2302,E7AF84,範,28
2303,E98786,釆,19
2304,E785A9,煩,23
2305,E9A092,頒,29
2306,E9A3AF,飯,22
2307,E68CBD,挽,17
2308,E699A9,晩,15
2309,E795AA,番,10
2310,E79BA4,盤,27
2311,E7A390,磐,5
2312,E89583,蕃,2
2313,E89BAE,蛮,7
2314,E58CAA,匪,27
2315,E58D91,卑,25
2316,E590A6,否,4
2317,E5A683,妃,28
2318,E5BA87,庇,21
2319,E5BDBC,彼,9
2320,E682B2,悲,5
2321,E68989,扉,27
2322,E689B9,批,17
2323,E68AAB,披,9
2324,E69690,斐,16
2325,E6AF94,比,21
2326,E6B38C,泌,0
2327,E796B2,疲,17
2328,E79AAE,皮,7
2329,E7A291,碑,12
2330,E7A798,秘,28
2331,E7B78B,緋,13
2332,E7BDB7,罷,6
2333,E882A5,肥,15
2334,E8A2AB,被,9
2335,E8AAB9,誹,29
2336,E8B2BB,費,22
2337,E981BF,避,24
2338,E99D9E,非,2
2339,E9A39B,飛,23
2340,E6A88B,樋,20
2341,E7B0B8,簸,13
2342,E58299,備,1
2343,E5B0BE,尾,15
2344,E5BEAE,微,10
2345,E69E87,枇,9
2346,E6AF98,毘,11
2347,E790B5,琵,11
2348,E79C89,眉,15
2349,E7BE8E,美,16
2350,E9BCBB,鼻,25
2351,E69F8A,柊,20
2352,E7A897,稗,12
2353,E58CB9,匹,6
2354,E7968B,疋,14
2355,E9ABAD,髭,2
2356,E5BDA6,彦,11
2357,E8869D,膝,3
2358,E88FB1,菱,2
2359,E88298,肘,6
2360,E5BCBC,弼,8
2361,E5BF85,必,10
2362,E795A2,畢,19
2363,E7AD86,筆,5
2364,E980BC,逼,11
2365,E6A1A7,桧,20
2366,E5A7AB,姫,13
2367,E5AA9B,媛,22
2368,E7B490,紐,28
2369,E799BE,百,4
2370,E8ACAC,謬,23
2371,E4BFB5,俵,9
2372,E5BDAA,彪,2
2373,E6A899,標,23
2374,E6B0B7,氷,14
2375,E6BC82,漂,23
2376,E793A2,瓢,27
2377,E7A5A8,票,5
2378,E8A1A8,表,16
2379,E8A995,評,6
2380,E8B1B9,豹,26
2381,E5BB9F,廟,0
2382,E68F8F,描,17
2383,E79785,病,1
2384,E7A792,秒,3
2385,E88B97,苗,2
2386,E98CA8,錨,13
2387,E98BB2,鋲,13
2388,E8929C,蒜,2
2389,E89BAD,蛭,22
2390,E9B0AD,鰭,28
2391,E59381,品,29
2392,E5BDAC,彬,20
2393,E6968C,斌,29
2394,E6B59C,浜,21
2395,E78095,瀕,23
2396,E8B2A7,貧,22
2397,E8B393,賓,16
2398,E9A0BB,頻,13
2399,E6958F,敏,3
2400,E793B6,瓶,29
2401,E4B88D,不,19
2402,E4BB98,付,18
2403,E59FA0,埠,17
2404,E5A4AB,夫,7
2405,E5A9A6,婦,17
2406,E5AF8C,富,14
2407,E586A8,冨,2
2408,E5B883,布,10
2409,E5BA9C,府,11
2410,E68096,怖,18
2411,E689B6,扶,17
2412,E695B7,敷,3
2413,E696A7,斧,2
2414,E699AE,普,2
2415,E6B5AE,浮,11
2416,E788B6,父,16
2417,E7ACA6,符,20
2418,E88590,腐,24
2419,E8869A,膚,14
2420,E88A99,芙,22
2421,E8AD9C,譜,29
2422,E8B2A0,負,22
2423,E8B3A6,賦,27
2424,E8B5B4,赴,6
2425,E9989C,阜,19
2426,E99984,附,6
2427,E4BEAE,侮,1
2428,E692AB,撫,23
2429,E6ADA6,武,6
2430,E8889E,舞,12
2431,E891A1,葡,5
2432,E895AA,蕪,2
2433,E983A8,部,2
2434,E5B081,封,6
2435,E6A593,楓,9
2436,E9A2A8,風,27
2437,E891BA,葺,2
2438,E89597,蕗,5
2439,E4BC8F,伏,9
2440,E589AF,副,15
2441,E5BEA9,復,9
2442,E5B985,幅,13
2443,E69C8D,服,27
2444,E7A68F,福,20
2445,E885B9,腹,27
2446,E8A487,複,9
2447,E8A686,覆,16
2448,E6B7B5,淵,0
2449,E5BC97,弗,8
2450,E68995,払,3
2451,E6B2B8,沸,24
2452,E4BB8F,仏,3
2453,E789A9,物,20
2454,E9AE92,鮒,28
2455,E58886,分,25
2456,E590BB,吻,24
2457,E599B4,噴,5
2458,E5A2B3,墳,23
2459,E686A4,憤,1
2460,E689AE,扮,20
2461,E7849A,焚,22
2462,E5A5AE,奮,7
2463,E7B289,粉,28
2464,E7B39E,糞,16
2465,E7B49B,紛,28
2466,E99BB0,雰,25
2467,E69687,文,16
2468,E8819E,聞,6
2469,E4B899,丙,11
2470,E4BDB5,併,23
2471,E585B5,兵,16
2472,E5A180,塀,0
2473,E5B9A3,幣,5
2474,E5B9B3,平,19
2475,E5BC8A,弊,2
2476,E69F84,柄,20
2477,E4B8A6,並,2
2478,E894BD,蔽,27
2479,E99689,閉,15
2480,E9999B,陛,6
2481,E7B1B3,米,19
2482,E9A081,頁,16
2483,E583BB,僻,1
2484,E5A381,壁,5
2485,E79996,癖,1
2486,E7A2A7,碧,5
2487,E588A5,別,15
2488,E79EA5,瞥,2
2489,E89491,蔑,27
2490,E7AE86,箆,17
2491,E5818F,偏,1
2492,E5A489,変,16
2493,E78987,片,21
2494,E7AF87,篇,13
2495,E7B7A8,編,13
2496,E8BEBA,辺,24
2497,E8BF94,返,11
2498,E9818D,遍,24
2499,E4BEBF,便,17
2500,E58B89,勉,26
2501,E5A8A9,娩,1
2502,E5BC81,弁,25
2503,E99EAD,鞭,13
2504,E4BF9D,保,17
2505,E88897,舗,15
2506,E98BAA,鋪,13
2507,E59C83,圃,7
2508,E68D95,捕,17
2509,E6ADA9,歩,10
2510,E794AB,甫,24
2511,E8A39C,補,1
2512,E8BC94,輔,28
2513,E7A982,穂,28
2514,E58B9F,募,2
2515,E5A293,墓,2
2516,E68595,慕,2
2517,E6888A,戊,21
2518,E69AAE,暮,2
2519,E6AF8D,母,10
2520,E7B0BF,簿,1
2521,E88FA9,菩,2
2522,E580A3,倣,16
2523,E4BFB8,俸,17
2524,E58C85,包,10
2525,E59186,呆,19
2526,E5A0B1,報,3
2527,E5A589,奉,19
2528,E5AE9D,宝,14
2529,E5B3B0,峰,22
2530,E5B3AF,峯,14
2531,E5B4A9,崩,0
2532,E5BA96,庖,24
2533,E68AB1,抱,20
2534,E68DA7,捧,18
2535,E694BE,放,22
2536,E696B9,方,4
2537,E69C8B,朋,15
2538,E6B395,法,0
2539,E6B3A1,泡,0
2540,E783B9,烹,14
2541,E7A0B2,砲,0
2542,E7B8AB,縫,13
2543,E8839E,胞,15
2544,E88AB3,芳,25
2545,E8908C,萌,15
2546,E893AC,蓬,2
2547,E89C82,蜂,12
2548,E8A492,褒,16
2549,E8A8AA,訪,26
2550,E8B18A,豊,2
2551,E982A6,邦,2
2552,E98B92,鋒,12
2553,E9A3BD,飽,26
2554,E9B3B3,鳳,27
2555,E9B5AC,鵬,26
2556,E4B98F,乏,11
2557,E4BAA1,亡,4
2558,E5828D,傍,20
2559,E58996,剖,15
2560,E59D8A,坊,0
2561,E5A6A8,妨,26
2562,E5B8BD,帽,13
2563,E5BF98,忘,14
2564,E5BF99,忙,20
2565,E688BF,房,11
2566,E69AB4,暴,29
2567,E69C9B,望,5
2568,E69F90,某,5
2569,E6A392,棒,18
2570,E58692,冒,10
2571,E7B4A1,紡,28
2572,E882AA,肪,26
2573,E886A8,膨,12
2574,E8AC80,謀,6
2575,E8B28C,貌,26
2576,E8B2BF,貿,22
2577,E989BE,鉾,12
2578,E998B2,防,5
2579,E590A0,吠,27
2580,E9A0AC,頬,29
2581,E58C97,北,2
2582,E58395,僕,9
2583,E58D9C,卜,12
2584,E5A2A8,墨,7
2585,E692B2,撲,9
2586,E69CB4,朴,12
2587,E789A7,牧,9
2588,E79DA6,睦,6
2589,E7A986,穆,23
2590,E987A6,釦,26
2591,E58B83,勃,26
2592,E6B2A1,没,21
2593,E6AE86,殆,26
2594,E5A080,堀,0
2595,E5B98C,幌,23
2596,E5A594,奔,25
2597,E69CAC,本,19
2598,E7BFBB,翻,6
2599,E587A1,凡,17
2600,E79B86,盆,2
2601,E691A9,摩,14
2602,E7A3A8,磨,24
2603,E9AD94,魔,7
2604,E9BABB,麻,11
2605,E59F8B,埋,21
2606,E5A6B9,妹,22
2607,E698A7,昧,12
2608,E69E9A,枚,9
2609,E6AF8E,毎,10
2610,E593A9,哩,27
2611,E6A799,槙,23
2612,E5B995,幕,5
2613,E8869C,膜,27
2614,E69E95,枕,18
2615,E9AEAA,鮪,28
2616,E69FBE,柾,9
2617,E9B192,鱒,28
2618,E6A19D,桝,23
2619,E4BAA6,亦,25
2620,E4BFA3,俣,9
2621,E58F88,又,7
2622,E68AB9,抹,18
2623,E69CAB,末,19
2624,E6B2AB,沫,21
2625,E8BF84,迄,24
2626,E4BEAD,侭,17
2627,E7B9AD,繭,2
2628,E9BABF,麿,14
2629,E4B887,万,11
2630,E685A2,慢,9
2631,E6BA80,満,24
2632,E6BCAB,漫,21
2633,E89493,蔓,22
2634,E591B3,味,12
2635,E69CAA,未,19
2636,E9AD85,魅,26
2637,E5B7B3,巳,4
2638,E7AE95,箕,22
2639,E5B2AC,岬,12
2640,E5AF86,密,10
2641,E89C9C,蜜,7
2642,E6B98A,湊,0
2643,E89391,蓑,22
2644,E7A894,稔,28
2645,E88488,脈,3
2646,E5A699,妙,12
2647,E7B28D,粍,12
2648,E6B091,民,17
2649,E79CA0,眠,27
2650,E58B99,務,28
2651,E5A4A2,夢,2
2652,E784A1,無,6
2653,E7899F,牟,5
2654,E79F9B,矛,19
2655,E99CA7,霧,2
2656,E9B5A1,鵡,15
2657,E6A48B,椋,20
2658,E5A9BF,婿,13
2659,E5A898,娘,13
2660,E586A5,冥,22
2661,E5908D,名,24
2662,E591BD,命,10
2663,E6988E,明,15
2664,E79B9F,盟,2
2665,E8BFB7,迷,11
2666,E98A98,銘,28
2667,E9B3B4,鳴,15
2668,E5A7AA,姪,22
2669,E7899D,牝,26
2670,E6BB85,滅,7
2671,E5858D,免,8
2672,E6A389,棉,18
2673,E7B6BF,綿,12
2674,E7B7AC,緬,13
2675,E99DA2,面,11
2676,E9BABA,麺,13
2677,E691B8,摸,9
2678,E6A8A1,模,9
2679,E88C82,茂,21
2680,E5A684,妄,16
2681,E5AD9F,孟,7
2682,E6AF9B,毛,10
2683,E78C9B,猛,17
2684,E79BB2,盲,4
2685,E7B6B2,網,13
2686,E88097,耗,12
2687,E89299,蒙,5
2688,E584B2,儲,1
2689,E69CA8,木,19
2690,E9BB99,黙,2
2691,E79BAE,目,17
2692,E69DA2,杢,14
2693,E58BBF,勿,5
2694,E9A485,餅,15
2695,E5B0A4,尤,11
2696,E688BB,戻,7
2697,E7B1BE,籾,26
2698,E8B2B0,貰,16
2699,E5958F,問,6
2700,E682B6,悶,6
2701,E7B48B,紋,3
2702,E99680,門,21
2703,E58C81,匁,25
2704,E4B99F,也,10
2705,E586B6,冶,24
2706,E5A49C,夜,16
2707,E788BA,爺,26
2708,E880B6,耶,2
2709,E9878E,野,2
2710,E5BCA5,弥,25
2711,E79FA2,矢,16
2712,E58E84,厄,6
2713,E5BDB9,役,9
2714,E7B484,約,28
2715,E896AC,薬,2
2716,E8A8B3,訳,29
2717,E8BA8D,躍,29
2718,E99D96,靖,15
2719,E69FB3,柳,23
2720,E896AE,薮,22
2721,E99193,鑓,13
2722,E68489,愉,20
2723,E68488,愈,5
2724,E6B2B9,油,0
2725,E79992,癒,1
2726,E8ABAD,諭,15
2727,E8BCB8,輸,28
2728,E594AF,唯,5
2729,E4BD91,佑,20
2730,E584AA,優,9
2731,E58B87,勇,25
2732,E58F8B,友,7
2733,E5AEA5,宥,25
2734,E5B9BD,幽,29
2735,E682A0,悠,5
2736,E68682,憂,9
2737,E68F96,揖,9
2738,E69C89,有,25
2739,E69F9A,柚,20
2740,E6B9A7,湧,0
2741,E6B68C,涌,0
2742,E78CB6,猶,1
2743,E78CB7,猷,27
2744,E794B1,由,14
2745,E7A590,祐,20
2746,E8A395,裕,20
2747,E8AA98,誘,6
2748,E9818A,遊,24
2749,E98291,邑,4
2750,E983B5,郵,25
2751,E99B84,雄,23
2752,E89E8D,融,26
2753,E5A495,夕,10
2754,E4BA88,予,19
2755,E4BD99,余,14
2756,E4B88E,与,4
2757,E8AA89,誉,10
2758,E8BCBF,輿,16
2759,E9A090,預,23
2760,E582AD,傭,1
2761,E5B9BC,幼,26
2762,E5A696,妖,22
2763,E5AEB9,容,4
2764,E5BAB8,庸,14
2765,E68F9A,揚,17
2766,E68FBA,揺,17
2767,E69381,擁,17
2768,E69B9C,曜,27
2769,E6A58A,楊,23
2770,E6A798,様,9
2771,E6B48B,洋,11
2772,E6BAB6,溶,0
2773,E78694,熔,0
2774,E794A8,用,0
2775,E7AAAF,窯,7
2776,E7BE8A,羊,5
2777,E88080,耀,29
2778,E89189,葉,5
2779,E89389,蓉,2
2780,E8A681,要,16
2781,E8ACA1,謡,6
2782,E8B88A,踊,15
2783,E981A5,遥,11
2784,E999BD,陽,6
2785,E9A48A,養,22
2786,E685BE,慾,5
2787,E68A91,抑,18
2788,E6ACB2,欲,3
2789,E6B283,沃,21
2790,E6B5B4,浴,0
2791,E7BF8C,翌,22
2792,E7BFBC,翼,22
2793,E6B780,淀,21
2794,E7BE85,羅,29
2795,E89EBA,螺,22
2796,E8A3B8,裸,9
2797,E69DA5,来,19
2798,E88EB1,莱,5
2799,E9A0BC,頼,29
2800,E99BB7,雷,7
2801,E6B49B,洛,0
2802,E7B5A1,絡,28
2803,E890BD,落,5
2804,E985AA,酪,15
2805,E4B9B1,乱,2
2806,E58DB5,卵,25
2807,E5B590,嵐,7
2808,E6AC84,欄,1
2809,E6BFAB,濫,7
2810,E8978D,藍,2
2811,E898AD,蘭,15
2812,E8A6A7,覧,22
2813,E588A9,利,28
2814,E5908F,吏,4
2815,E5B1A5,履,27
2816,E69D8E,李,19
2817,E6A2A8,梨,5
2818,E79086,理,21
2819,E79283,璃,0
2820,E797A2,痢,1
2821,E8A38F,裏,7
2822,E8A3A1,裡,9
2823,E9878C,里,14
2824,E99BA2,離,29
2825,E999B8,陸,6
2826,E5BE8B,律,18
2827,E78E87,率,19
2828,E7AB8B,立,11
2829,E8918E,葎,2
2830,E68EA0,掠,18
2831,E795A5,略,15
2832,E58A89,劉,13
2833,E6B581,流,21
2834,E6BA9C,溜,0
2835,E79089,琉,15
2836,E79599,留,14
2837,E7A1AB,硫,22
2838,E7B292,粒,3
2839,E99A86,隆,27
2840,E7AB9C,竜,24
2841,E9BE8D,龍,29
2842,E4BEB6,侶,1
2843,E685AE,慮,14
2844,E69785,旅,1
2845,E8999C,虜,14
2846,E4BA86,了,19
2847,E4BAAE,亮,8
2848,E5839A,僚,1
2849,E4B8A1,両,11
2850,E5878C,凌,7
2851,E5AFAE,寮,14
2852,E69699,料,3
2853,E6A281,梁,5
2854,E6B6BC,涼,0
2855,E78C9F,猟,17
2856,E79982,療,1
2857,E79EAD,瞭,27
2858,E7A89C,稜,9
2859,E7B3A7,糧,9
2860,E889AF,良,16
2861,E8AB92,諒,6
2862,E981BC,遼,11
2863,E9878F,量,7
2864,E999B5,陵,27
2865,E9A098,領,13
2866,E58A9B,力,4
2867,E7B791,緑,12
2868,E580AB,倫,1
2869,E58E98,厘,23
2870,E69E97,林,12
2871,E6B78B,淋,24
2872,E78790,燐,0
2873,E790B3,琳,14
2874,E887A8,臨,6
2875,E8BCAA,輪,28
2876,E99AA3,隣,27
2877,E9B197,鱗,13
2878,E9BA9F,麟,13
2879,E791A0,瑠,0
2880,E5A181,塁,23
2881,E6B699,涙,21
2882,E7B4AF,累,5
2883,E9A19E,類,29
2884,E4BBA4,令,19
2885,E4BCB6,伶,20
2886,E4BE8B,例,1
2887,E586B7,冷,24
2888,E58AB1,励,26
2889,E5B6BA,嶺,1
2890,E6809C,怜,20
2891,E78EB2,玲,26
2892,E7A4BC,礼,12
2893,E88B93,苓,5
2894,E988B4,鈴,12
2895,E99AB7,隷,3
2896,E99BB6,零,5
2897,E99C8A,霊,7
2898,E9BA97,麗,27
2899,E9BDA2,齢,6
2900,E69AA6,暦,29
2901,E6ADB4,歴,7
2902,E58897,列,8
2903,E58AA3,劣,10
2904,E78388,烈,2
2905,E8A382,裂,22
2906,E5BB89,廉,23
2907,E6818B,恋,14
2908,E68690,憐,1
2909,E6BCA3,漣,0
2910,E78589,煉,22
2911,E7B0BE,簾,27
2912,E7B7B4,練,12
2913,E881AF,聯,26
2914,E893AE,蓮,2
2915,E980A3,連,11
2916,E98CAC,錬,12
2917,E59182,呂,11
2918,E9ADAF,魯,10
2919,E6AB93,櫓,23
2920,E78289,炉,15
2921,E8B382,賂,15
2922,E8B7AF,路,15
2923,E99CB2,露,2
2924,E58AB4,労,25
2925,E5A981,婁,16
2926,E5BB8A,廊,24
2927,E5BC84,弄,25
2928,E69C97,朗,15
2929,E6A5BC,楼,9
2930,E6A694,榔,23
2931,E6B5AA,浪,21
2932,E6BC8F,漏,0
2933,E789A2,牢,19
2934,E78BBC,狼,9
2935,E7AFAD,篭,13
2936,E88081,老,4
2937,E881BE,聾,22
2938,E89D8B,蝋,22
2939,E9838E,郎,6
2940,E585AD,六,8
2941,E9BA93,麓,27
2942,E7A684,禄,18
2943,E8828B,肋,26
2944,E98CB2,録,28
2945,E8AB96,論,15
2946,E580AD,倭,9
2947,E5928C,和,28
2948,E8A9B1,話,15
2949,E6ADAA,歪,14
2950,E8B384,賄,15
2951,E88487,脇,6
2952,E68391,惑,5
2953,E69EA0,枠,18
2954,E9B7B2,鷲,2
2955,E4BA99,亙,7
2956,E4BA98,亘,7
2957,E9B090,鰐,28
2958,E8A9AB,詫,6
2959,E89781,藁,2
2960,E895A8,蕨,3
2961,E6A480,椀,20
2962,E6B9BE,湾,0
2963,E7A297,碗,15
2964,E88595,腕,27
2965,E38182,あ,4
2966,E38184,い,12
2967,E38186,う,10
2968,E38188,え,11
2969,E3818A,お,4
2970,E3818B,か,10
2971,E3818C,が,10
2972,E3818D,き,4
2973,E3818E,ぎ,4
2974,E3818F,く,25
2975,E38190,ぐ,10
2976,E38191,け,17
2977,E38192,げ,21
2978,E38193,こ,4
2979,E38194,ご,4
2980,E38195,さ,4
2981,E38196,ざ,4
2982,E38197,し,12
2983,E38198,じ,12
2984,E38199,す,19
2985,E3819A,ず,19
2986,E3819B,せ,4
2987,E3819C,ぜ,4
2988,E3819D,そ,10
2989,E3819E,ぞ,4
2990,E3819F,た,4
2991,E381A0,だ,4
2992,E381A1,ち,4
2993,E381A2,ぢ,4
2994,E381A4,つ,10
2995,E381A5,づ,10
2996,E381A6,て,4
2997,E381A7,で,4
2998,E381A8,と,4
2999,E381A9,ど,4
3000,E381AA,な,3
3001,E381AB,に,18
3002,E381AC,ぬ,10
3003,E381AD,ね,12
3004,E381AE,の,10
3005,E381AF,は,21
3006,E381B0,ば,21
3007,E381B1,ぱ,21
3008,E381B2,ひ,12
3009,E381B3,び,4
3010,E381B4,ぴ,4
3011,E381B5,ふ,19
3012,E381B6,ぶ,19
3013,E381B7,ぷ,19
3014,E381B8,へ,10
3015,E381B9,べ,10
3016,E381BA,ぺ,10
3017,E381BB,ほ,21
3018,E381BC,ぼ,21
3019,E381BD,ぽ,21
3020,E381BE,ま,19
3021,E381BF,み,25
3022,E38280,む,2
3023,E38281,め,10
3024,E38282,も,4
3025,E38284,や,10
3026,E38286,ゆ,10
3027,E38288,よ,14
3028,E38289,ら,10
3029,E3828A,り,18
3030,E3828B,る,2
3031,E3828C,れ,12
3032,E3828D,ろ,4
3033,E3828F,わ,12
3034,E38292,を,4
3035,E38293,ん,4
3036,E382A2,ア,4
3037,E382A4,イ,11
3038,E382A6,ウ,10
3039,E382A8,エ,19
3040,E382AA,オ,11
3041,E382AB,カ,4
3042,E382AC,ガ,4
3043,E382AD,キ,19
3044,E382AE,ギ,19
3045,E382AF,ク,10
3046,E382B0,グ,10
3047,E382B1,ケ,19
3048,E382B2,ゲ,10
3049,E382B3,コ,25
3050,E382B4,ゴ,4
3051,E382B5,サ,10
3052,E382B6,ザ,10
3053,E382B7,シ,2
3054,E382B8,ジ,10
3055,E382B9,ス,7
3056,E382BA,ズ,7
3057,E382BB,セ,4
3058,E382BC,ゼ,4
3059,E382BD,ソ,10
3060,E382BE,ゾ,9
3061,E382BF,タ,10
3062,E38380,ダ,10
3063,E38381,チ,19
3064,E38382,ヂ,19
3065,E38384,ツ,10
3066,E38385,ヅ,10
3067,E38386,テ,19
3068,E38387,デ,19
3069,E38388,ト,12
3070,E38389,ド,18
3071,E3838A,ナ,19
3072,E3838B,ニ,4
3073,E3838C,ヌ,4
3074,E3838D,ネ,19
3075,E3838E,ノ,7
3076,E3838F,ハ,25
3077,E38390,バ,8
3078,E38391,パ,8
3079,E38392,ヒ,4
3080,E38393,ビ,4
3081,E38394,ピ,4
3082,E38395,フ,10
3083,E38396,ブ,10
3084,E38397,プ,10
3085,E38398,ヘ,10
3086,E38399,ベ,10
3087,E3839A,ペ,10
3088,E3839B,ホ,19
3089,E3839C,ボ,19
3090,E3839D,ポ,19
3091,E3839E,マ,19
3092,E3839F,ミ,4
3093,E383A0,ム,2
3094,E383A1,メ,7
3095,E383A2,モ,4
3096,E383A4,ヤ,5
3097,E383A6,ユ,25
3098,E383A8,ヨ,25
3099,E383A9,ラ,10
3100,E383AA,リ,18
3101,E383AB,ル,19
3102,E383AC,レ,12
3103,E383AD,ロ,18
3104,E383AF,ワ,10
3105,E383B2,ヲ,10
3106,E383B3,ン,10
